{"accuracy": [0.5969699025154114, 0.8577423691749573, 0.9129810333251953, 0.9384451508522034, 0.9546482563018799, 0.9648481607437134, 0.9704104065895081, 0.976570188999176, 0.9788178205490112, 0.9829291105270386], "loss": [1.372548222541809, 0.44529989361763, 0.2676278352737427, 0.18764472007751465, 0.13632722198963165, 0.10940609127283096, 0.08959335088729858, 0.07318252325057983, 0.06475525349378586, 0.05440639331936836], "val_accuracy": [0.8370703458786011, 0.8980764746665955, 0.9162873029708862, 0.9445708990097046, 0.9551559090614319, 0.954131543636322, 0.9602208137512207, 0.9559526443481445, 0.9689278602600098, 0.969155490398407], "val_loss": [0.5199693441390991, 0.31232669949531555, 0.2668263018131256, 0.17440879344940186, 0.1427243947982788, 0.14045684039592743, 0.1267855167388916, 0.1524043083190918, 0.10349234193563461, 0.10767965763807297]}